{
    "results": {
        "tool": {
            "name": "pytest",
            "version": "8.4.1"
        },
        "summary": {
            "tests": 2,
            "passed": 2,
            "failed": 0,
            "skipped": 0,
            "pending": 0,
            "other": 0,
            "start": 1784512866.503447,
            "stop": 1784512866.5124521
        },
        "tests": [
            {
                "name": "test_outputs.py::test_report_exists",
                "status": "passed",
                "duration": 0.0003247090062359348,
                "start": 1784512866.511396,
                "stop": 1784512866.5118458,
                "retries": 0,
                "file_path": "test_outputs.py"
            },
            {
                "name": "test_outputs.py::test_report_matches_access_log",
                "status": "passed",
                "duration": 0.00034604199754539877,
                "start": 1784512866.511915,
                "stop": 1784512866.512341,
                "retries": 0,
                "file_path": "test_outputs.py"
            }
        ]
    }
}